canonical_name,aliases,ticker,exchange,lda_client_name
LOCKHEED MARTIN CORPORATION,LOCKHEED MARTIN CORP|LOCKHEED MARTIN|LOCKHEED MARTIN ROTARY AND MISSION SYSTEMS,LMT,NYSE,Lockheed Martin Corporation
RAYTHEON COMPANY,RAYTHEON TECHNOLOGIES CORPORATION|RTX CORPORATION|RAYTHEON TECHNOLOGIES|RAYTHEON MISSILE SYSTEMS|RAYTHEON INTELLIGENCE & SPACE,RTX,NYSE,Raytheon Technologies Corporation
NORTHROP GRUMMAN CORPORATION,NORTHROP GRUMMAN CORP|NORTHROP GRUMMAN SYSTEMS CORPORATION|NORTHROP GRUMMAN INNOVATION SYSTEMS,NOC,NYSE,Northrop Grumman Corporation
GENERAL DYNAMICS CORPORATION,GENERAL DYNAMICS CORP|GENERAL DYNAMICS INFORMATION TECHNOLOGY INC|GDIT|GENERAL DYNAMICS LAND SYSTEMS|GENERAL DYNAMICS MISSION SYSTEMS,GD,NYSE,General Dynamics Corporation
THE BOEING COMPANY,BOEING DEFENSE SPACE & SECURITY|BOEING COMPANY|BOEING|BOEING DEFENSE|BOEING GLOBAL SERVICES,BA,NYSE,The Boeing Company
L3HARRIS TECHNOLOGIES INC,L3HARRIS TECHNOLOGIES|L3 TECHNOLOGIES INC|HARRIS CORPORATION|L-3 COMMUNICATIONS HOLDINGS INC|L-3 COMMUNICATIONS CORPORATION,LHX,NYSE,L3Harris Technologies Inc.
HUNTINGTON INGALLS INDUSTRIES INC,HUNTINGTON INGALLS INDUSTRIES|HII|NEWPORT NEWS SHIPBUILDING|INGALLS SHIPBUILDING,HII,NYSE,Huntington Ingalls Industries Inc.
TEXTRON INC,TEXTRON SYSTEMS CORPORATION|BELL TEXTRON INC|BELL HELICOPTER TEXTRON|TEXTRON AVIATION INC,TXT,NYSE,Textron Inc.
AEROJET ROCKETDYNE HOLDINGS INC,AEROJET ROCKETDYNE INC|AEROJET|AEROJET GENERAL CORPORATION,AJRD,NYSE,Aerojet Rocketdyne Holdings Inc.
BAE SYSTEMS INC,BAE SYSTEMS PLC|BAE SYSTEMS INFORMATION AND ELECTRONIC SYSTEMS INTEGRATION INC|BAE SYSTEMS PLATFORMS & SERVICES,BAESY,OTC,BAE Systems plc
LEONARDO DRS INC,LEONARDO DRS|DRS DEFENSE SOLUTIONS|DRS TECHNOLOGIES INC,DRS,NASDAQ,Leonardo DRS Inc.
LEIDOS INC,LEIDOS HOLDINGS INC|LEIDOS INNOVATIONS CORPORATION|LEIDOS BIOMEDICAL RESEARCH INC,LDOS,NYSE,Leidos Holdings Inc.
SCIENCE APPLICATIONS INTERNATIONAL CORP,SAIC|SCIENCE APPLICATIONS INTERNATIONAL CORPORATION|SAIC-FREDERICK INC,SAIC,NYSE,Science Applications International Corporation
BOOZ ALLEN HAMILTON HOLDING CORPORATION,BOOZ ALLEN HAMILTON INC|BOOZ ALLEN HAMILTON|BOOZ ALLEN & HAMILTON,BAH,NYSE,Booz Allen Hamilton Holding Corporation
CACI INTERNATIONAL INC,CACI INC-FEDERAL|CACI TECHNOLOGIES INC|CACI INTERNATIONAL|CACI FEDERAL INC,CACI,NYSE,CACI International Inc
ICF INTERNATIONAL INC,ICF INTERNATIONAL|ICF INCORPORATED|ICF CONSULTING,ICFI,NASDAQ,ICF International Inc.
PARSONS CORPORATION,PARSONS GOVERNMENT SERVICES INC|PARSONS TECHNICAL SERVICES INC|PARSONS TRANSPORTATION GROUP,PSN,NYSE,Parsons Corporation
PALANTIR TECHNOLOGIES INC.,PALANTIR TECHNOLOGIES INC - FEDERAL|PALANTIR TECHNOLOGIES INC|PALANTIR,PLTR,NYSE,Palantir Technologies Inc.
MAXIMUS INC,MAXIMUS FEDERAL SERVICES INC|MAXIMUS HUMAN SERVICES INC,MMS,NYSE,Maximus Inc.
V2X INC,VECTRUS INC|VECTRUS SYSTEMS CORPORATION|ENGILITY CORPORATION|ENGILITY HOLDINGS INC,VVX,NYSE,V2X Inc.
KBR INC,KBR HOLDINGS LLC|KELLOGG BROWN & ROOT SERVICES INC|KELLOGG BROWN ROOT,KBR,NYSE,KBR Inc.
EVOLENT HEALTH LLC,EVOLENT HEALTH INC|EVOLENT CARE PARTNERS,EVH,NYSE,Evolent Health Inc.
CROWDSTRIKE HOLDINGS INC,CROWDSTRIKE INC|CROWDSTRIKE,CRWD,NASDAQ,CrowdStrike Holdings Inc.
PALO ALTO NETWORKS INC,PALO ALTO NETWORKS,PANW,NASDAQ,Palo Alto Networks Inc.
VERINT SYSTEMS INC,VERINT SYSTEMS,VRNT,NASDAQ,Verint Systems Inc.
SPIRIT AEROSYSTEMS INC,SPIRIT AEROSYSTEMS HOLDINGS INC|SPIRIT AEROSYSTEMS,SPR,NYSE,Spirit AeroSystems Inc.
TRANSDIGM GROUP INCORPORATED,TRANSDIGM INC|TRANSDIGM GROUP INC,TDG,NYSE,TransDigm Group Incorporated
HEICO CORPORATION,HEICO CORP|HEICO ELECTRONIC TECHNOLOGIES CORP,HEI,NYSE,HEICO Corporation
CURTISS-WRIGHT CORPORATION,CURTISS WRIGHT CORP|CURTISS-WRIGHT CORP,CW,NYSE,Curtiss-Wright Corporation
MOOG INC,MOOG INC - CLASS A|MOOG COMPONENTS GROUP,MOG.A,NYSE,Moog Inc.
TRIUMPH GROUP INC,TRIUMPH GROUP|TRIUMPH AEROSTRUCTURES|TRIUMPH AEROSPACE SYSTEMS,TGI,NYSE,Triumph Group Inc.
DUCOMMUN INCORPORATED,DUCOMMUN INC|DUCOMMUN LABARGE TECHNOLOGIES,DCO,NYSE,Ducommun Incorporated
ASTRONICS CORPORATION,ASTRONICS CORP,ATRO,NASDAQ,Astronics Corporation
KAMAN CORPORATION,KAMAN AEROSPACE GROUP|KAMAN CORP,KAMN,NYSE,Kaman Corporation
TELEDYNE TECHNOLOGIES INCORPORATED,TELEDYNE TECHNOLOGIES|TELEDYNE FLIR LLC|FLIR SYSTEMS INC|TELEDYNE BROWN ENGINEERING,TDY,NYSE,Teledyne Technologies Incorporated
OSI SYSTEMS INC,OSI SYSTEMS|OPTOELECTRONICS INC|RAPISCAN SYSTEMS,OSIS,NASDAQ,OSI Systems Inc.
AEROVIRONMENT INC,AEROVIRONMENT|AERO VIRONMENT INC,AVAV,NASDAQ,AeroVironment Inc.
AXON ENTERPRISE INC,AXON ENTERPRISE|TASER INTERNATIONAL INC|TASER,AXON,NASDAQ,Axon Enterprise Inc.
KRATOS DEFENSE & SECURITY SOLUTIONS INC,KRATOS DEFENSE|KRATOS UNMANNED AERIAL SYSTEMS|KRATOS,KTOS,NASDAQ,Kratos Defense & Security Solutions Inc.
MERCURY SYSTEMS INC,MERCURY COMPUTER SYSTEMS INC|MERCURY SYSTEMS,MRCY,NASDAQ,Mercury Systems Inc.
VIASAT INC,VIASAT,VSAT,NASDAQ,ViaSat Inc.
COMTECH TELECOMMUNICATIONS CORP,COMTECH TELECOMMUNICATIONS,CMTL,NASDAQ,Comtech Telecommunications Corp.
AECOM,AECOM MANAGEMENT SERVICES|AECOM TECHNICAL SERVICES|URS CORPORATION,ACM,NYSE,AECOM
JACOBS ENGINEERING GROUP INC,JACOBS TECHNOLOGY INC|JACOBS ENGINEERING|CH2M HILL COMPANIES LTD,J,NYSE,Jacobs Engineering Group Inc.
FLUOR CORPORATION,FLUOR ENTERPRISES INC|FLUOR FEDERAL SOLUTIONS LLC|FLUOR DANIEL,FLR,NYSE,Fluor Corporation
TUTOR PERINI CORPORATION,TUTOR-PERINI CORPORATION|PERINI CORPORATION|TUTOR PERINI BUILDING CORP,TPC,NYSE,Tutor Perini Corporation
STERLING CONSTRUCTION COMPANY INC,STERLING CONSTRUCTION CO|STERLING CONSTRUCTION COMPANY,STRL,NASDAQ,Sterling Construction Company Inc.
TETRA TECH INC,TETRA TECH,TTEK,NASDAQ,Tetra Tech Inc.
MICROSOFT CORPORATION,MICROSOFT CORP|MICROSOFT|MICROSOFT FEDERAL,MSFT,NASDAQ,Microsoft Corporation
AMAZON WEB SERVICES INC,AWS|AMAZON.COM INC|AMAZON WEB SERVICES,AMZN,NASDAQ,Amazon.com Inc.
ORACLE AMERICA INC,ORACLE CORPORATION|ORACLE|ORACLE SYSTEMS CORPORATION,ORCL,NYSE,Oracle Corporation
INTERNATIONAL BUSINESS MACHINES CORPORATION,IBM CORPORATION|IBM|IBM US FEDERAL,IBM,NYSE,International Business Machines Corporation
CISCO SYSTEMS INC,CISCO SYSTEMS|CISCO,CSCO,NASDAQ,Cisco Systems Inc.
DELL TECHNOLOGIES INC,DELL INC|DELL TECHNOLOGIES|EMC CORPORATION,DELL,NYSE,Dell Technologies Inc.
HEWLETT PACKARD ENTERPRISE COMPANY,HEWLETT PACKARD ENTERPRISE|HPE|HP ENTERPRISE SERVICES LLC,HPE,NYSE,Hewlett Packard Enterprise Company
HP INC,HEWLETT-PACKARD COMPANY|HP,HPQ,NYSE,HP Inc.
SAP AMERICA INC,SAP SE|SAP,SAP,NYSE,SAP SE
DXC TECHNOLOGY COMPANY,DXC TECHNOLOGY|CSC CORPORATION|COMPUTER SCIENCES CORPORATION,DXC,NYSE,DXC Technology Company
GARTNER INC,GARTNER,IT,NYSE,Gartner Inc.
UNITEDHEALTH GROUP INCORPORATED,UNITEDHEALTH GROUP|UNITED HEALTH GROUP|OPTUM INC|OPTUMRX,UNH,NYSE,UnitedHealth Group Incorporated
CENTENE CORPORATION,CENTENE CORP,CNC,NYSE,Centene Corporation
HUMANA INC,HUMANA,HUM,NYSE,Humana Inc.
CVS HEALTH CORPORATION,CVS PHARMACY INC|CAREMARK LLC|AETNA INC,CVS,NYSE,CVS Health Corporation
ELEVANCE HEALTH INC,ANTHEM INC|ANTHEM|WELLPOINT INC,ELV,NYSE,Elevance Health Inc.
MCKESSON CORPORATION,MCKESSON CORP,MCK,NYSE,McKesson Corporation
HENRY SCHEIN INC,HENRY SCHEIN,HSIC,NASDAQ,Henry Schein Inc.
ACCENTURE FEDERAL SERVICES LLC,ACCENTURE PLC|ACCENTURE LLP,ACN,NYSE,Accenture plc
ELBIT SYSTEMS OF AMERICA LLC,ELBIT SYSTEMS LTD|ELBIT SYSTEMS OF AMERICA,ESLT,NASDAQ,Elbit Systems Ltd.
VIAVI SOLUTIONS INC,VIAVI SOLUTIONS|JDS UNIPHASE CORPORATION,VIAV,NASDAQ,VIAVI Solutions Inc.
CIENA CORPORATION,CIENA CORP,CIEN,NASDAQ,Ciena Corporation
